Ganesh,Gymboy!2
Manoj,Manoj!2345
Harivansh,Helloworld@12
Jake,Jokeofyear@9
KokkiKumar,Komaban@212
Kumaran,Loganathan@123
Jacky,Jacuf%123
Kake,Kakek&345
Joseph Vijay,Thalapathy@69
God Zilla,Godzilla@5654
Liger Vijay,Vijay@3333
Mani,MMani@123453
Charan,Charan@123
King Kong,Kingotha@123
Kamalesh,Kamalesh@123
Balaraj,Balaraj@12
Mohan,Manoj@4567
Sharan,Sharan@567
Banraj,Banraj@123
Jayasimman,Jayasimman@124
Jana,Jana@7777
Vijay,Vijay@987
Harishwar,Harishwar@2005
Nakkul,Nakkul@123
Kishore,Kishore@13
Banaraj,Banaraj23!
Kanjoos,Kanjoos!666
Karthick,Karthick@657
Hussain,Hussain@234
Nagesh,Nagesh@567
Hemanth,Hemanth@345
Nanda,Nanda@123
